[
  {
    "id": "3a942534-01ad-4f92-8e09-89b02ee4649e",
    "data": [
      {
        "text": "Poor",
        "meta": "@BeerRating",
        "alias": "beerrating",
        "userDefined": false
      }
    ],
    "isTemplate": false,
    "count": 0,
    "lang": "en",
    "updated": 0
  },
  {
    "id": "e2eba975-0c28-4d84-9486-1e88eda85c2e",
    "data": [
      {
        "text": "Average",
        "meta": "@BeerRating",
        "alias": "beerrating",
        "userDefined": false
      }
    ],
    "isTemplate": false,
    "count": 0,
    "lang": "en",
    "updated": 0
  },
  {
    "id": "551a97f8-f20a-489e-afd2-50d06b54acef",
    "data": [
      {
        "text": "Good",
        "meta": "@BeerRating",
        "alias": "beerrating",
        "userDefined": false
      }
    ],
    "isTemplate": false,
    "count": 0,
    "lang": "en",
    "updated": 0
  },
  {
    "id": "9d004ce1-2f46-4920-810e-2669a1c5411b",
    "data": [
      {
        "text": "Excellent",
        "meta": "@BeerRating",
        "alias": "beerrating",
        "userDefined": false
      }
    ],
    "isTemplate": false,
    "count": 0,
    "lang": "en",
    "updated": 0
  },
  {
    "id": "ddb84cb8-0bb3-487e-91c7-ee09c2484c18",
    "data": [
      {
        "text": "What are the ",
        "userDefined": false
      },
      {
        "text": "lowest-",
        "meta": "@BeerRating",
        "alias": "beerrating",
        "userDefined": true
      },
      {
        "text": "rated",
        "meta": "@BeerRating",
        "alias": "beerrating",
        "userDefined": false
      },
      {
        "text": " beers you have?",
        "userDefined": false
      }
    ],
    "isTemplate": false,
    "count": 0,
    "lang": "en",
    "updated": 0
  },
  {
    "id": "a8e7ef7c-3ddd-4e09-8597-69024fb3cf46",
    "data": [
      {
        "text": "Show me something with mixed reviews, like ",
        "userDefined": false
      },
      {
        "text": "average",
        "meta": "@BeerRating",
        "alias": "beerrating",
        "userDefined": false
      },
      {
        "text": " ratings.",
        "userDefined": false
      }
    ],
    "isTemplate": false,
    "count": 0,
    "lang": "en",
    "updated": 0
  },
  {
    "id": "bcc70155-81d7-4fec-849e-79ee1cad9aa2",
    "data": [
      {
        "text": "Can you recommend a beer that\u0027s generally ",
        "userDefined": false
      },
      {
        "text": "rated good",
        "meta": "@BeerRating",
        "alias": "beerrating",
        "userDefined": false
      },
      {
        "text": "?",
        "userDefined": false
      }
    ],
    "isTemplate": false,
    "count": 0,
    "lang": "en",
    "updated": 0
  },
  {
    "id": "f553f3d8-777f-4d35-a693-b5704d206466",
    "data": [
      {
        "text": "Find",
        "meta": "@BeerRating",
        "alias": "beerrating",
        "userDefined": false
      },
      {
        "text": " me a beer that\u0027s rated as ",
        "userDefined": false
      },
      {
        "text": "excellent",
        "meta": "@BeerRating",
        "alias": "beerrating",
        "userDefined": false
      },
      {
        "text": " by users.",
        "userDefined": false
      }
    ],
    "isTemplate": false,
    "count": 0,
    "lang": "en",
    "updated": 0
  },
  {
    "id": "d55b160c-8833-40b2-890a-5ffad13ce64f",
    "data": [
      {
        "text": "List the beers that have ",
        "userDefined": false
      },
      {
        "text": "poor ratings",
        "meta": "@BeerRating",
        "alias": "beerrating",
        "userDefined": false
      },
      {
        "text": ".",
        "userDefined": false
      }
    ],
    "isTemplate": false,
    "count": 0,
    "lang": "en",
    "updated": 0
  },
  {
    "id": "1cdfd1ad-575f-49c3-af0a-f60a84d03c39",
    "data": [
      {
        "text": "Which beers have just an ",
        "userDefined": false
      },
      {
        "text": "average",
        "meta": "@BeerRating",
        "alias": "beerrating",
        "userDefined": false
      },
      {
        "text": " rating?",
        "userDefined": false
      }
    ],
    "isTemplate": false,
    "count": 0,
    "lang": "en",
    "updated": 0
  },
  {
    "id": "811029bc-7ceb-47dc-a930-12eb4e7de8cb",
    "data": [
      {
        "text": "I\u0027m looking for beers that are ",
        "userDefined": false
      },
      {
        "text": "rated good",
        "meta": "@BeerRating",
        "alias": "beerrating",
        "userDefined": false
      },
      {
        "text": ".",
        "userDefined": false
      }
    ],
    "isTemplate": false,
    "count": 0,
    "lang": "en",
    "updated": 0
  },
  {
    "id": "8d51f292-8580-42e9-a459-4cbd1ebaba4f",
    "data": [
      {
        "text": "Show me beers with ",
        "userDefined": false
      },
      {
        "text": "excellent ratings",
        "meta": "@BeerRating",
        "alias": "beerrating",
        "userDefined": false
      }
    ],
    "isTemplate": false,
    "count": 0,
    "lang": "en",
    "updated": 0
  },
  {
    "id": "90a53da2-d311-488f-a3ec-de5a01359c95",
    "data": [
      {
        "text": "List some beers with just ",
        "userDefined": false
      },
      {
        "text": "average",
        "meta": "@BeerRating",
        "alias": "beerrating",
        "userDefined": false
      },
      {
        "text": " reviews.",
        "userDefined": false
      }
    ],
    "isTemplate": false,
    "count": 0,
    "lang": "en",
    "updated": 0
  },
  {
    "id": "3c241eb7-84bc-4225-8a75-7b5a3b7c935d",
    "data": [
      {
        "text": "Can you show me beers that have a ",
        "userDefined": false
      },
      {
        "text": "good",
        "meta": "@BeerRating",
        "alias": "beerrating",
        "userDefined": false
      },
      {
        "text": " reputation?",
        "userDefined": false
      }
    ],
    "isTemplate": false,
    "count": 0,
    "lang": "en",
    "updated": 0
  },
  {
    "id": "bc837862-1039-41fb-9c52-0c92d6a04a99",
    "data": [
      {
        "text": "I\u0027m looking for a beer that\u0027s been ",
        "userDefined": false
      },
      {
        "text": "rated poorly",
        "meta": "@BeerRating",
        "alias": "beerrating",
        "userDefined": false
      },
      {
        "text": ", out of curiosity.",
        "userDefined": false
      }
    ],
    "isTemplate": false,
    "count": 0,
    "lang": "en",
    "updated": 0
  },
  {
    "id": "199b98eb-7034-436c-a96f-8a85cd5a8976",
    "data": [
      {
        "text": "What beer has the ",
        "userDefined": false
      },
      {
        "text": "highest",
        "meta": "@BeerRating",
        "alias": "beerrating",
        "userDefined": false
      },
      {
        "text": " user rating?",
        "userDefined": false
      }
    ],
    "isTemplate": false,
    "count": 0,
    "lang": "en",
    "updated": 0
  }
]