[
  {
    "value": "High",
    "synonyms": [
      "High",
      "Strong",
      "Potent",
      "Heavy",
      "higher",
      "Boozy",
      "booziest",
      "high ABV",
      "hard hitter"
    ]
  },
  {
    "value": "Medium",
    "synonyms": [
      "Medium",
      "Moderate",
      "Balanced",
      "Middle",
      "moderate",
      "mid-range",
      "mid"
    ]
  },
  {
    "value": "Low",
    "synonyms": [
      "Low",
      "Light",
      "Easy",
      "Sessionable",
      "minimal",
      "not too strong"
    ]
  }
]