[
  {
    "value": "US",
    "synonyms": [
      "North America",
      "America",
      "USA",
      "US",
      "United State of America",
      "United States of America",
      "united states of america",
      "usa",
      "United States",
      "us",
      "america",
      "united states",
      "american",
      "north america",
      "the states"
    ]
  },
  {
    "value": "PL",
    "synonyms": [
      "Polish",
      "Poland",
      "poland",
      "polish",
      "pl",
      "polska",
      "central europe",
      "eastern europe"
    ]
  },
  {
    "value": "GB",
    "synonyms": [
      "Britain",
      "British",
      "british",
      "UK",
      "United Kingdom",
      "English",
      "england",
      "uk",
      "britain\" \"Great Britain",
      "gb",
      "britain",
      "great britain",
      "united kingdom",
      "united kingdom of great britain",
      "united kingdom of great britain and northern ireland",
      "scotland",
      "wales"
    ]
  },
  {
    "value": "Manchester",
    "synonyms": [
      "manchester",
      "northern england",
      "north west"
    ]
  },
  {
    "value": "CA",
    "synonyms": [
      "Canda",
      "candian",
      "Canada",
      "Canadian",
      "CA",
      "the north",
      "maple land",
      "great white north",
      "ontario",
      "toronto",
      "ottawa",
      "on",
      "ont",
      "gta",
      "greater toronto area",
      "niagara",
      "niagara falls",
      "quebec",
      "québec",
      "montréal",
      "quebec city",
      "\"British Columbia",
      "british columbia",
      "vancouver",
      "bc"
    ]
  }
]