[
  {
    "value": "Excellent",
    "synonyms": [
      "Excellent",
      "Top-rated",
      "best",
      "5 stars",
      "very good",
      "high rated",
      "highest",
      "10",
      "9",
      "8",
      "blow your mind",
      "blow my mind",
      "mind-blowing",
      "mind blowing",
      "amazing",
      "superb",
      "fantastic",
      "Top-notch",
      "Outstanding",
      "A+",
      "Love it",
      "Phenomenal",
      "Top tier",
      "Perfect"
    ]
  },
  {
    "value": "Good",
    "synonyms": [
      "Great",
      "above average",
      "4 stars",
      "good",
      "fine",
      "7",
      "6",
      "just keep you company",
      "just keep my company",
      "just keep company",
      "keep company",
      "Above average",
      "Pretty good",
      "Worth trying",
      "Satisfying",
      "Decent",
      "Solid",
      "Enjoyable",
      "Tasty",
      "Nice"
    ]
  },
  {
    "value": "Average",
    "synonyms": [
      "Average",
      "Okay",
      "3 star",
      "fair",
      "decent",
      "5",
      "4",
      "surprise",
      "I drink it for the label",
      "Could be better",
      "It\u0027s alright",
      "Standard",
      "Fair",
      "Neutral",
      "Not great, not terrible",
      "Mid",
      "So-so",
      "Just fine",
      "Meh"
    ]
  },
  {
    "value": "Bad",
    "synonyms": [
      "Poor",
      "2 stars",
      "low rated",
      "worst",
      "bad",
      "poorly",
      "3",
      "2",
      "1",
      "0",
      "Needs improvement",
      "Nope",
      "Wouldn’t recommend",
      "Undrinkable",
      "Weak",
      "Ugh",
      "Yikes",
      "Disappointing",
      "Not good"
    ]
  }
]