[
  {
    "value": "Spring",
    "synonyms": [
      "Spring",
      "Spring time",
      "early year",
      "March",
      "April"
    ]
  },
  {
    "value": "Summer",
    "synonyms": [
      "Summer",
      "Summertime",
      "hot season",
      "warm season",
      "vacation",
      "high sun",
      "may",
      "june",
      "july",
      "august"
    ]
  },
  {
    "value": "Fall",
    "synonyms": [
      "Fall",
      "autumn",
      "harvest",
      "pre-winter",
      "september",
      "october",
      "November"
    ]
  },
  {
    "value": "Winter",
    "synonyms": [
      "winter",
      "cold",
      "snowy",
      "december",
      "chill season",
      "january",
      "february"
    ]
  },
  {
    "value": "Year-round",
    "synonyms": [
      "All season",
      "Year-around",
      "all year",
      "year round",
      "year-round",
      "all season"
    ]
  }
]