[
  {
    "value": "fruity",
    "synonyms": [
      "Fruity",
      "Citrus",
      "Berry",
      "Tropical",
      "fruit-forward",
      "fruits",
      "citrusy",
      "citric",
      "orange",
      "apple",
      "mango",
      "lemon",
      "Pineapple",
      "Grapefruit",
      "Strawberry",
      "Raspberry",
      "Tropical fruit",
      "Exotic fruit",
      "Fruit cocktail",
      "Melon",
      "Peach"
    ]
  },
  {
    "value": "bitter",
    "synonyms": [
      "Bitter",
      "Sour",
      "Acidic",
      "Bitterness",
      "biting",
      "acrid",
      "hops",
      "hoppy",
      "tart"
    ]
  },
  {
    "value": "malty",
    "synonyms": [
      "Malty",
      "Sweet",
      "Caramel",
      "grain",
      "grainy",
      "bread",
      "bready",
      "toasted",
      "wheat",
      "malts",
      "wheaty"
    ]
  }
]